passenger_id,email,first_name,last_name,booking_id
155976,nbucke0@elpais.com,Nicolle,Bucke,ZEBJOH
283553,azellmer1@so-net.ne.jp,Amalie,Zellmer,JFITXA
211232,dkittel2@studiopress.com,Dotti,Kittel,ISVNAO
735412,jlongman3@hhs.gov,Judye,Longman,IBGRHT
101495,dbuglass4@smugmug.com,Daryn,Buglass,PWNKZL
61296,ryouson5@privacy.gov.au,Rustin,Youson,JRWTIX
940332,djeremaes6@slashdot.org,Dennie,Jeremaes,YLJBXT
79183,mmcasgill7@utexas.edu,Meyer,McAsgill,YJKEIM
467728,rdorman8@ustream.tv,Raf,Dorman,PAFIVN
943725,mlongbottom9@ca.gov,Mose,Longbottom,VHEZAS
970903,yromeraa@yahoo.com,Yurik,Romera,VXSTMG
434348,cdumberellb@deliciousdays.com,Chrissie,Dumberell,GFDSLU
550280,msprowlesc@cpanel.net,Mariel,Sprowles,YPCMBR
372560,rchisnalld@tumblr.com,Reeta,Chisnall,XPWOKZ
383580,mwillcote@livejournal.com,Marta,Willcot,PUEWLB
836688,abuttfieldf@theguardian.com,Alley,Buttfield,FHQMDE
559587,amcerlaineg@icio.us,Arch,McErlaine,PDLYVR
428557,cfarhertyh@usda.gov,Clementina,Farherty,ZOUXSC
552988,gzanittii@dion.ne.jp,Gregorius,Zanitti,NFXOSQ
569941,edartnellj@mozilla.org,Eadmund,Dartnell,LADONM
847095,gdavidavidovicsk@comcast.net,Gayler,Davidavidovics,KXJAMU
919202,bpatsalll@ihg.com,Bab,Patsall,QFUZCS
799192,lbishopm@dailymail.co.uk,L;urette,Bishop,FGOCMH
555203,adianon@census.gov,Archibold,Diano,MDKWGZ
680463,gclutterhamo@ucoz.com,Gilemette,Clutterham,JGIWBD
829969,nochterlonyp@livejournal.com,Noelyn,Ochterlony,HUMDKF
51544,acarnegyq@china.com.cn,Ailbert,Carnegy,FBJYVH
970943,skollasr@twitpic.com,Spencer,Kollas,RWJPCF
51736,jfermins@parallels.com,Janaya,Fermin,YQTJDX
574725,meverisst@icio.us,Maxy,Everiss,FVCBLW
934472,nwestgateu@usa.gov,Nathalia,Westgate,ZMUTVP
752803,pkenningtonv@zimbio.com,Phyllida,Kennington,JBZIYL
545894,phaskettw@ning.com,Petunia,Haskett,CEVAZK
524407,ehannafordx@gravatar.com,Enrica,Hannaford,UJKFPN
576151,pdemogeoty@ow.ly,Philbert,Demogeot,VCAPXT
648835,asiblyz@4shared.com,Ahmed,Sibly,ZHRSKD
213608,dfranschini10@ibm.com,Daveen,Franschini,BEYFKQ
503106,jrichley11@google.ca,Julietta,Richley,RKUOWG
248795,eketley12@comcast.net,Emmeline,Ketley,PRFLKW
514271,dskylett13@independent.co.uk,Dot,Skylett,OWDHSV
677199,ppencott14@so-net.ne.jp,Patrica,Pencott,IHRULB
972826,hhaine15@free.fr,Hatty,Haine,PYGSCF
879953,swisniowski16@acquirethisname.com,Shari,Wisniowski,XFJAHQ
392986,ctummond17@amazon.co.jp,Creighton,Tummond,PWUNRF
182019,bmoukes18@netscape.com,Beck,Moukes,EVSRWD
969503,rwais19@bbc.co.uk,Regan,Wais,LZDYJH
118003,bbromilow1a@aboutads.info,Basilius,Bromilow,PYXKIQ
562892,heaklee1b@flavors.me,Harlie,Eaklee,LFSUJA
128350,uperutto1c@cyberchimps.com,Urbanus,Perutto,JNKOSA
232987,btrundell1d@artisteer.com,Brianne,Trundell,DJZRPV
728628,wredgrove1e@vistaprint.com,Wilton,Redgrove,GALETI
934806,tbukowski1f@tinypic.com,Theressa,Bukowski,RUYWJF
586352,ttriplett1g@miibeian.gov.cn,Temple,Triplett,ZKOTJN
204414,arook1h@hp.com,Adriaens,Rook,VYFEWQ
101844,pwink1i@ameblo.jp,Patrica,Wink,YNBXDH
226333,lfinnes1j@woothemes.com,Lorain,Finnes,CPAKES
658661,mguichard1k@google.fr,Mariquilla,Guichard,PWJCYF
275460,sbockett1l@plala.or.jp,Shandra,Bockett,GNWPMQ
950951,fgodilington1m@addthis.com,Felicle,Godilington,UCAIVO
250212,jblazek1n@statcounter.com,Jammal,Blazek,IKMLVG
412445,twilne1o@1688.com,Taddeusz,Wilne,CXTGNW
156862,erevens1p@edublogs.org,Eduard,Revens,WMEBDI
865285,cswannie1q@moonfruit.com,Conan,Swannie,MKTFIE
94773,msalan1r@globo.com,Marshall,Salan,BWANTE
814989,zbroadbent1s@ovh.net,Zackariah,Broadbent,WNECAQ
263749,npretious1t@webeden.co.uk,Nelia,Pretious,VQIESJ
720573,ckingdon1u@webeden.co.uk,Crissy,Kingdon,CGXKIT
574968,gjenkyn1v@e-recht24.de,Glory,Jenkyn,KGHAMW
650917,lcongreve1w@creativecommons.org,Laural,Congreve,ZUGSPV
394363,bpugsley1x@slashdot.org,Brock,Pugsley,CNFJWR
711102,mhorsell1y@aboutads.info,Marie-jeanne,Horsell,BAYSXE
93622,kstreather1z@constantcontact.com,Kalindi,Streather,MWAUPE
406388,khamor20@google.nl,Kerrill,Hamor,CRVHUJ
851943,ohebron21@ameblo.jp,Ossie,Hebron,XHGIOE
383000,sdwane22@accuweather.com,Stirling,Dwane,BRLFIM
518549,abetterton23@msn.com,Amalee,Betterton,VFJYGT
688766,xbucklee24@whitehouse.gov,Ximenez,Bucklee,VWRKIG
334428,rdouty25@pbs.org,Robbie,Douty,RETMSN
920849,igilluley26@joomla.org,Irv,Gilluley,SXAFBO
975365,gcramond27@aboutads.info,Granthem,Cramond,HVFRSQ
372973,ahedlestone28@google.cn,Alfred,Hedlestone,FTOJXI
188489,rfarrent29@geocities.com,Rahel,Farrent,ABWMJG
84052,lbarczynski2a@mapquest.com,Lanette,Barczynski,PNEURM
33891,carney2b@kickstarter.com,Corbie,Arney,CSVWIF
746836,mhurcombe2c@bbc.co.uk,Myrtice,Hurcombe,YKWNJT
768380,egolightly2d@youku.com,Ewart,Golightly,EZIOBA
425217,cpadgett2e@go.com,Cole,Padgett,VZMLGD
598842,lflatt2f@spotify.com,Lacee,Flatt,GFCZEY
684262,sbourthouloume2g@about.com,Sallyanne,Bourthouloume,VSXWOR
803157,cchurm2h@gizmodo.com,Claudell,Churm,LUJSND
166245,fgreenset2i@nature.com,Fiann,Greenset,GAEHKS
892873,aramme2j@apache.org,Aurore,Ramme,QBZANF
346023,amccuaig2k@facebook.com,Alisa,McCuaig,WJFIQK
518387,cmalenoir2l@com.com,Cash,Malenoir,SNJQCG
580336,pspeechley2m@intel.com,Pacorro,Speechley,ZNRKGP
56674,dferrario2n@virginia.edu,Deerdre,Ferrario,LOSGYU
242133,lguarnier2o@cbc.ca,Lula,Guarnier,IFZJVC
888692,bbromidge2p@nhs.uk,Brant,Bromidge,TEVHNP
15014,bdupre2q@123-reg.co.uk,Bonni,Du Pre,CGSMZK
29013,dbrotherhead2r@ebay.co.uk,Dee dee,Brotherhead,HCUTZV
