flight_number,booking_id,,,
XPY6327,ZEBJOH,,,
PIK8521,JFITXA,,,
FDM6945,ISVNAO,,,
AOR4263,IBGRHT,,,
NXH6053,PWNKZL,,,
QTK8553,JRWTIX,,,
RKA1614,YLJBXT,,,
LBT8036,YJKEIM,,,
KFM0493,PAFIVN,,,
TKJ0847,VHEZAS,,,
DME4758,VXSTMG,,,
SLN0443,GFDSLU,,,
PYB4699,YPCMBR,,,
ZSD6584,XPWOKZ,,,
LMP5727,PUEWLB,,,
LFH3740,FHQMDE,,,
IVR1488,PDLYVR,,,
UBJ0798,ZOUXSC,,,
UEC6358,NFXOSQ,,,
RVD3569,LADONM,,,
APO2272,KXJAMU,,,
RVX1565,QFUZCS,,,
WQU8479,FGOCMH,,,
SDO7641,MDKWGZ,,,
JDC8771,JGIWBD,,,
BDG5501,HUMDKF,,,
BYP1224,FBJYVH,,,
PCZ5800,RWJPCF,,,
BWE1117,YQTJDX,,,
NXW3500,FVCBLW,,,
QWX9947,ZMUTVP,,,
OSA2715,JBZIYL,,,
SIV4415,CEVAZK,,,
HJZ7708,UJKFPN,,,
PMG5214,VCAPXT,,,
TDQ3833,ZHRSKD,,,
VOL2923,BEYFKQ,,,
KXT2721,RKUOWG,,,
QAP4688,PRFLKW,,,
HAI9983,OWDHSV,,,
UKS5374,IHRULB,,,
HFU6461,PYGSCF,,,
FBQ4983,XFJAHQ,,,
WLX9973,PWUNRF,,,
WIU3740,EVSRWD,,,
IDG0834,LZDYJH,,,
SXR6616,PYXKIQ,,,
VWI4721,LFSUJA,,,
SUX7134,JNKOSA,,,
MLQ2352,DJZRPV,,,
RQO1697,GALETI,,,
FIJ5938,RUYWJF,,,
QJS6548,ZKOTJN,,,
BFI5715,VYFEWQ,,,
SVT4325,YNBXDH,,,
EPM8492,CPAKES,,,
FHP9240,PWJCYF,,,
WAG8911,GNWPMQ,,,
UFZ0675,UCAIVO,,,
KVC8624,IKMLVG,,,
OQC4255,CXTGNW,,,
FPN0266,WMEBDI,,,
MFH9116,MKTFIE,,,
ZHT7621,BWANTE,,,
GMT0388,WNECAQ,,,
DPV7193,VQIESJ,,,
JHW8175,CGXKIT,,,
EXF9988,KGHAMW,,,
VWR7163,ZUGSPV,,,
TZQ8293,CNFJWR,,,
SPI5360,BAYSXE,,,
LSX2465,MWAUPE,,,
TLZ3893,CRVHUJ,,,
JUC6755,XHGIOE,,,
QKE1711,BRLFIM,,,
GBA0947,VFJYGT,,,
ZVG0489,VWRKIG,,,
LYE2923,RETMSN,,,
VTQ7905,SXAFBO,,,
UHY4168,HVFRSQ,,,
XMD9095,FTOJXI,,,
QJM7136,ABWMJG,,,
XCG0844,PNEURM,,,
IBG3091,CSVWIF,,,
ACF3875,YKWNJT,,,
CBI1969,EZIOBA,,,
DXZ3788,VZMLGD,,,
ORT5034,GFCZEY,,,
JRL5866,VSXWOR,,,
TIK7748,LUJSND,,,
OSG6920,GAEHKS,,,
NOR5124,QBZANF,,,
TQI5852,WJFIQK,,,
BWJ1487,SNJQCG,,,
UFL2940,ZNRKGP,,,
UDM8196,LOSGYU,,,
VUJ1079,IFZJVC,,,
IBS0194,TEVHNP,,,
FZS4330,CGSMZK,,,
WPS2951,HCUTZV,,,
